GO.ID	Term	Annotated	Significant	Expected	Statistics
GO:0045944	positive regulation of transcription by RNA polymerase II	308	278	269.96	5.9e-11
GO:0006357	regulation of transcription by RNA polymerase II	392	342	343.58	1.4e-08
GO:0045893	positive regulation of transcription, DNA-templated	327	295	286.61	0.0023
GO:0010628	positive regulation of gene expression	107	96	93.78	0.0039
GO:0019221	cytokine-mediated signaling pathway	23	23	20.16	0.0089
GO:0030154	cell differentiation	281	248	246.29	0.0096
GO:0030522	intracellular receptor signaling pathway	62	57	54.34	0.0254
GO:0035264	multicellular organism growth	17	17	14.9	0.0315
GO:0051241	negative regulation of multicellular organismal process	82	72	71.87	0.0379
GO:0032355	response to estradiol	15	15	13.15	0.0477
GO:0051130	positive regulation of cellular component organization	24	23	21.04	0.0482
GO:0002064	epithelial cell development	27	27	23.67	0.0530
GO:0008285	negative regulation of cell population proliferation	69	61	60.48	0.0537
GO:1902895	positive regulation of pri-miRNA transcription by RNA polymerase II	23	22	20.16	0.0573
GO:0033043	regulation of organelle organization	14	14	12.27	0.0587
GO:0009267	cellular response to starvation	14	14	12.27	0.0587
GO:0032869	cellular response to insulin stimulus	14	14	12.27	0.0587
GO:0071222	cellular response to lipopolysaccharide	14	14	12.27	0.0587
GO:0000122	negative regulation of transcription by RNA polymerase II	194	166	170.04	0.0616
GO:0045444	fat cell differentiation	34	31	29.8	0.0697
GO:0051649	establishment of localization in cell	27	25	23.67	0.0705
GO:0055088	lipid homeostasis	13	13	11.39	0.0721
GO:0035914	skeletal muscle cell differentiation	13	13	11.39	0.0721
GO:0042752	regulation of circadian rhythm	13	13	11.39	0.0721
GO:0042127	regulation of cell population proliferation	147	129	128.84	0.0740
GO:0051091	positive regulation of DNA-binding transcription factor activity	21	20	18.41	0.0806
GO:0043065	positive regulation of apoptotic process	36	33	31.55	0.0867
GO:0043281	regulation of cysteine-type endopeptidase activity involved in apoptotic process	12	12	10.52	0.0885
GO:0031331	positive regulation of cellular catabolic process	12	12	10.52	0.0885
GO:0008585	female gonad development	12	12	10.52	0.0885
GO:0002274	myeloid leukocyte activation	12	12	10.52	0.0885
GO:0043401	steroid hormone mediated signaling pathway	28	25	24.54	0.0888
GO:0008015	blood circulation	23	19	20.16	0.0951
GO:0051726	regulation of cell cycle	62	56	54.34	0.0976
GO:0061448	connective tissue development	41	37	35.94	0.1032
GO:0044089	positive regulation of cellular component biogenesis	11	11	9.64	0.1087
GO:0007005	mitochondrion organization	11	11	9.64	0.1087
GO:0048771	tissue remodeling	11	11	9.64	0.1087
GO:0048384	retinoic acid receptor signaling pathway	11	11	9.64	0.1087
GO:0045834	positive regulation of lipid metabolic process	11	11	9.64	0.1087
GO:0009953	dorsal/ventral pattern formation	11	11	9.64	0.1087
GO:0070925	organelle assembly	11	11	9.64	0.1087
GO:0043535	regulation of blood vessel endothelial cell migration	11	11	9.64	0.1087
GO:0043086	negative regulation of catalytic activity	11	11	9.64	0.1087
GO:0042060	wound healing	19	18	16.65	0.1124
GO:1901654	response to ketone	21	18	18.41	0.1130
GO:0048856	anatomical structure development	314	276	275.22	0.1201
GO:0042593	glucose homeostasis	27	26	23.67	0.1250
GO:0007610	behavior	37	34	32.43	0.1255
GO:0050679	positive regulation of epithelial cell proliferation	18	18	15.78	0.1276
GO:0030324	lung development	27	25	23.67	0.1287
GO:0071347	cellular response to interleukin-1	10	10	8.76	0.1333
GO:0034976	response to endoplasmic reticulum stress	10	10	8.76	0.1333
GO:0051607	defense response to virus	10	10	8.76	0.1333
GO:0001894	tissue homeostasis	10	10	8.76	0.1333
GO:0017015	regulation of transforming growth factor beta receptor signaling pathway	10	10	8.76	0.1333
GO:0006886	intracellular protein transport	10	10	8.76	0.1333
GO:0019217	regulation of fatty acid metabolic process	10	10	8.76	0.1333
GO:0055085	transmembrane transport	10	10	8.76	0.1333
GO:0045648	positive regulation of erythrocyte differentiation	10	10	8.76	0.1333
GO:0060740	prostate gland epithelium morphogenesis	10	10	8.76	0.1333
GO:0090066	regulation of anatomical structure size	10	10	8.76	0.1333
GO:0007169	transmembrane receptor protein tyrosine kinase signaling pathway	25	23	21.91	0.1373
GO:0001889	liver development	25	23	21.91	0.1373
GO:0048839	inner ear development	26	21	22.79	0.1421
GO:0001501	skeletal system development	66	58	57.85	0.1519
GO:0045892	negative regulation of transcription, DNA-templated	220	189	192.83	0.1532
GO:0009416	response to light stimulus	17	16	14.9	0.1552
GO:0034622	cellular protein-containing complex assembly	18	18	15.78	0.1564
GO:0000165	MAPK cascade	21	20	18.41	0.1583
GO:0035195	gene silencing by miRNA	9	9	7.89	0.1635
GO:0070167	regulation of biomineral tissue development	9	9	7.89	0.1635
GO:0002068	glandular epithelial cell development	9	9	7.89	0.1635
GO:0051054	positive regulation of DNA metabolic process	9	9	7.89	0.1635
GO:0030219	megakaryocyte differentiation	9	9	7.89	0.1635
GO:1990830	cellular response to leukemia inhibitory factor	9	9	7.89	0.1635
GO:1901522	positive regulation of transcription from RNA polymerase II promoter involved in cellular response to chemical stimulus	9	9	7.89	0.1635
GO:0044262	cellular carbohydrate metabolic process	9	9	7.89	0.1635
GO:0060135	maternal process involved in female pregnancy	9	9	7.89	0.1635
GO:0036003	positive regulation of transcription from RNA polymerase II promoter in response to stress	9	9	7.89	0.1635
GO:0034504	protein localization to nucleus	9	9	7.89	0.1635
GO:0006913	nucleocytoplasmic transport	9	9	7.89	0.1635
GO:0042176	regulation of protein catabolic process	9	9	7.89	0.1635
GO:0065004	protein-DNA complex assembly	9	9	7.89	0.1635
GO:0032479	regulation of type I interferon production	9	9	7.89	0.1635
GO:0072594	establishment of protein localization to organelle	9	9	7.89	0.1635
GO:0043549	regulation of kinase activity	9	9	7.89	0.1635
GO:0016525	negative regulation of angiogenesis	9	9	7.89	0.1635
GO:0032103	positive regulation of response to external stimulus	9	9	7.89	0.1635
GO:1901701	cellular response to oxygen-containing compound	78	72	68.37	0.1651
GO:0048609	multicellular organismal reproductive process	51	48	44.7	0.1765
GO:0001708	cell fate specification	25	23	21.91	0.1775
GO:0050796	regulation of insulin secretion	16	15	14.02	0.1817
GO:0048593	camera-type eye morphogenesis	16	15	14.02	0.1817
GO:0071248	cellular response to metal ion	16	15	14.02	0.1817
GO:0051240	positive regulation of multicellular organismal process	121	103	106.05	0.1833
GO:0010629	negative regulation of gene expression	55	48	48.21	0.1886
GO:0009755	hormone-mediated signaling pathway	36	33	31.55	0.1901
GO:0007517	muscle organ development	40	36	35.06	0.1913
GO:0007568	aging	29	24	25.42	0.1925
GO:0007565	female pregnancy	17	17	14.9	0.1926
GO:0060341	regulation of cellular localization	16	16	14.02	0.1935
GO:0051094	positive regulation of developmental process	124	105	108.68	0.1953
GO:0035265	organ growth	25	22	21.91	0.1999
GO:0070542	response to fatty acid	8	8	7.01	0.2004
GO:0060350	endochondral bone morphogenesis	8	8	7.01	0.2004
GO:0019915	lipid storage	8	8	7.01	0.2004
GO:2000378	negative regulation of reactive oxygen species metabolic process	8	8	7.01	0.2004
GO:0120162	positive regulation of cold-induced thermogenesis	8	8	7.01	0.2004
GO:0120163	negative regulation of cold-induced thermogenesis	8	8	7.01	0.2004
GO:1901991	negative regulation of mitotic cell cycle phase transition	8	8	7.01	0.2004
GO:0031349	positive regulation of defense response	8	8	7.01	0.2004
GO:0051051	negative regulation of transport	8	8	7.01	0.2004
GO:1903034	regulation of response to wounding	8	8	7.01	0.2004
GO:0007612	learning	8	8	7.01	0.2004
GO:0010950	positive regulation of endopeptidase activity	8	8	7.01	0.2004
GO:0000083	regulation of transcription involved in G1/S transition of mitotic cell cycle	8	8	7.01	0.2004
GO:0007281	germ cell development	8	8	7.01	0.2004
GO:0051603	proteolysis involved in cellular protein catabolic process	8	8	7.01	0.2004
GO:0006875	cellular metal ion homeostasis	8	8	7.01	0.2004
GO:0002224	toll-like receptor signaling pathway	8	8	7.01	0.2004
GO:0003407	neural retina development	8	8	7.01	0.2004
GO:0006302	double-strand break repair	8	8	7.01	0.2004
GO:0006306	DNA methylation	8	8	7.01	0.2004
GO:0021987	cerebral cortex development	8	8	7.01	0.2004
GO:0070741	response to interleukin-6	8	8	7.01	0.2004
GO:0048806	genitalia development	8	8	7.01	0.2004
GO:1902806	regulation of cell cycle G1/S phase transition	8	8	7.01	0.2004
GO:0001933	negative regulation of protein phosphorylation	8	8	7.01	0.2004
GO:0001938	positive regulation of endothelial cell proliferation	8	8	7.01	0.2004
GO:0040029	regulation of gene expression, epigenetic	8	8	7.01	0.2004
GO:0043467	regulation of generation of precursor metabolites and energy	8	8	7.01	0.2004
GO:0009880	embryonic pattern specification	8	8	7.01	0.2004
GO:0043470	regulation of carbohydrate catabolic process	8	8	7.01	0.2004
GO:0045088	regulation of innate immune response	8	8	7.01	0.2004
GO:0010611	regulation of cardiac muscle hypertrophy	8	8	7.01	0.2004
GO:0021549	cerebellum development	8	8	7.01	0.2004
GO:0045661	regulation of myoblast differentiation	8	8	7.01	0.2004
GO:0045669	positive regulation of osteoblast differentiation	8	8	7.01	0.2004
GO:0043409	negative regulation of MAPK cascade	8	8	7.01	0.2004
GO:1903320	regulation of protein modification by small protein conjugation or removal	8	8	7.01	0.2004
GO:0060759	regulation of response to cytokine stimulus	8	8	7.01	0.2004
GO:0045670	regulation of osteoclast differentiation	8	8	7.01	0.2004
GO:0097028	dendritic cell differentiation	8	8	7.01	0.2004
GO:1903827	regulation of cellular protein localization	8	8	7.01	0.2004
GO:0072089	stem cell proliferation	8	8	7.01	0.2004
GO:0043122	regulation of I-kappaB kinase/NF-kappaB signaling	8	8	7.01	0.2004
GO:0060395	SMAD protein signal transduction	8	8	7.01	0.2004
GO:0007595	lactation	8	8	7.01	0.2004
GO:0007599	hemostasis	8	8	7.01	0.2004
GO:0045165	cell fate commitment	71	62	62.23	0.2008
GO:0045787	positive regulation of cell cycle	18	16	15.78	0.2012
GO:0048639	positive regulation of developmental growth	16	14	14.02	0.2030
GO:0014070	response to organic cyclic compound	79	72	69.24	0.2108
GO:0045595	regulation of cell differentiation	156	133	136.73	0.2152
GO:0007275	multicellular organism development	301	264	263.82	0.2158
GO:0006952	defense response	56	52	49.08	0.2188
GO:0048511	rhythmic process	39	37	34.18	0.2207
GO:0042981	regulation of apoptotic process	96	82	84.14	0.2318
GO:0007623	circadian rhythm	25	24	21.91	0.2337
GO:0043085	positive regulation of catalytic activity	18	18	15.78	0.2353
GO:0006468	protein phosphorylation	27	25	23.67	0.2369
GO:0009749	response to glucose	21	20	18.41	0.2375
GO:0031400	negative regulation of protein modification process	15	15	13.15	0.2381
GO:0060348	bone development	20	19	17.53	0.2384
GO:0001666	response to hypoxia	30	27	26.29	0.2399
GO:0001503	ossification	37	32	32.43	0.2430
GO:0048863	stem cell differentiation	40	30	35.06	0.2459
GO:1901215	negative regulation of neuron death	17	15	14.9	0.2464
GO:0030183	B cell differentiation	14	13	12.27	0.2467
GO:0009612	response to mechanical stimulus	14	13	12.27	0.2467
GO:0071356	cellular response to tumor necrosis factor	14	13	12.27	0.2467
GO:0071333	cellular response to glucose stimulus	14	13	12.27	0.2467
GO:0062013	positive regulation of small molecule metabolic process	14	13	12.27	0.2467
GO:0030336	negative regulation of cell migration	14	13	12.27	0.2467
GO:0016032	viral process	16	14	14.02	0.2473
GO:0001657	ureteric bud development	19	15	16.65	0.2550
GO:0071375	cellular response to peptide hormone stimulus	27	26	23.67	0.2667
GO:0048646	anatomical structure formation involved in morphogenesis	110	94	96.41	0.2740
GO:0007283	spermatogenesis	26	23	22.79	0.2759
GO:0065008	regulation of biological quality	123	114	107.81	0.2767
GO:1901653	cellular response to peptide	33	32	28.92	0.2792
GO:0071407	cellular response to organic cyclic compound	59	52	51.71	0.2817
GO:0006955	immune response	61	54	53.47	0.2828
GO:0007276	gamete generation	37	34	32.43	0.2858
GO:0021915	neural tube development	13	12	11.39	0.2860
GO:0032446	protein modification by small protein conjugation	13	12	11.39	0.2860
GO:0061180	mammary gland epithelium development	13	12	11.39	0.2860
GO:0071310	cellular response to organic substance	156	139	136.73	0.2884
GO:0007179	transforming growth factor beta receptor signaling pathway	16	16	14.02	0.2908
GO:0030182	neuron differentiation	80	68	70.12	0.2914
GO:0000082	G1/S transition of mitotic cell cycle	14	14	12.27	0.2927
GO:0060041	retina development in camera-type eye	14	14	12.27	0.2927
GO:0001822	kidney development	34	30	29.8	0.2944
GO:0007498	mesoderm development	22	20	19.28	0.2955
GO:0007369	gastrulation	27	24	23.67	0.2960
GO:1901135	carbohydrate derivative metabolic process	15	14	13.15	0.2971
GO:0010564	regulation of cell cycle process	25	22	21.91	0.2980
GO:0007409	axonogenesis	19	17	16.65	0.2985
GO:0001890	placenta development	29	25	25.42	0.2995
GO:0120036	plasma membrane bounded cell projection organization	38	32	33.31	0.3015
GO:0071214	cellular response to abiotic stimulus	15	13	13.15	0.3024
GO:0048584	positive regulation of response to stimulus	72	63	63.11	0.3047
GO:0045785	positive regulation of cell adhesion	31	25	27.17	0.3087
GO:0009968	negative regulation of signal transduction	67	55	58.72	0.3146
GO:0006954	inflammatory response	33	29	28.92	0.3237
GO:0007010	cytoskeleton organization	12	11	10.52	0.3303
GO:0030278	regulation of ossification	12	11	10.52	0.3303
GO:0007626	locomotory behavior	12	11	10.52	0.3303
GO:0032922	circadian regulation of gene expression	12	11	10.52	0.3303
GO:0006006	glucose metabolic process	12	11	10.52	0.3303
GO:0045638	negative regulation of myeloid cell differentiation	12	11	10.52	0.3303
GO:2000026	regulation of multicellular organismal development	130	111	113.94	0.3404
GO:0006996	organelle organization	63	56	55.22	0.3462
GO:0098542	defense response to other organism	27	26	23.67	0.3510
GO:0048872	homeostasis of number of cells	31	29	27.17	0.3524
GO:0043010	camera-type eye development	35	33	30.68	0.3524
GO:0032868	response to insulin	19	19	16.65	0.3538
GO:0022612	gland morphogenesis	22	21	19.28	0.3561
GO:0030162	regulation of proteolysis	21	20	18.41	0.3571
GO:0030850	prostate gland development	15	15	13.15	0.3578
GO:0043618	regulation of transcription from RNA polymerase II promoter in response to stress	14	14	12.27	0.3588
GO:0030217	T cell differentiation	37	32	32.43	0.3630
GO:0048468	cell development	129	113	113.07	0.3657
GO:0002062	chondrocyte differentiation	17	15	14.9	0.3666
GO:0072331	signal transduction by p53 class mediator	16	14	14.02	0.3676
GO:0016331	morphogenesis of embryonic epithelium	16	14	14.02	0.3676
GO:0051247	positive regulation of protein metabolic process	38	32	33.31	0.3677
GO:0045087	innate immune response	19	18	16.65	0.3683
GO:0098609	cell-cell adhesion	35	29	30.68	0.3709
GO:0051099	positive regulation of binding	18	15	15.78	0.3712
GO:0007368	determination of left/right symmetry	17	14	14.9	0.3722
GO:0046890	regulation of lipid biosynthetic process	16	13	14.02	0.3732
GO:0010720	positive regulation of cell development	21	17	18.41	0.3738
GO:0031016	pancreas development	26	23	22.79	0.3740
GO:1902107	positive regulation of leukocyte differentiation	22	17	19.28	0.3784
GO:0043254	regulation of protein-containing complex assembly	11	10	9.64	0.3799
GO:0042475	odontogenesis of dentin-containing tooth	11	10	9.64	0.3799
GO:0048701	embryonic cranial skeleton morphogenesis	11	10	9.64	0.3799
GO:1902894	negative regulation of pri-miRNA transcription by RNA polymerase II	11	10	9.64	0.3799
GO:0051222	positive regulation of protein transport	11	10	9.64	0.3799
GO:2000144	positive regulation of DNA-templated transcription, initiation	11	10	9.64	0.3799
GO:0010506	regulation of autophagy	11	10	9.64	0.3799
GO:2000241	regulation of reproductive process	11	10	9.64	0.3799
GO:0006066	alcohol metabolic process	11	10	9.64	0.3799
GO:0060795	cell fate commitment involved in formation of primary germ layer	11	10	9.64	0.3799
GO:0070301	cellular response to hydrogen peroxide	11	10	9.64	0.3799
GO:0009948	anterior/posterior axis specification	11	10	9.64	0.3799
GO:0051384	response to glucocorticoid	11	10	9.64	0.3799
GO:0048660	regulation of smooth muscle cell proliferation	11	10	9.64	0.3799
GO:0030198	extracellular matrix organization	11	10	9.64	0.3799
GO:0060828	regulation of canonical Wnt signaling pathway	19	14	16.65	0.3815
GO:0009888	tissue development	171	147	149.88	0.3976
GO:0030855	epithelial cell differentiation	78	68	68.37	0.4042
GO:0010243	response to organonitrogen compound	57	55	49.96	0.4057
GO:0009967	positive regulation of signal transduction	47	40	41.19	0.4086
GO:0048871	multicellular organismal homeostasis	32	32	28.05	0.4218
GO:0043434	response to peptide hormone	35	34	30.68	0.4240
GO:0071456	cellular response to hypoxia	16	14	14.02	0.4245
GO:0048754	branching morphogenesis of an epithelial tube	26	22	22.79	0.4264
GO:0031667	response to nutrient levels	34	32	29.8	0.4305
GO:0033077	T cell differentiation in thymus	10	9	8.76	0.4350
GO:0002040	sprouting angiogenesis	10	9	8.76	0.4350
GO:0060443	mammary gland morphogenesis	10	9	8.76	0.4350
GO:0001764	neuron migration	10	9	8.76	0.4350
GO:0048708	astrocyte differentiation	10	9	8.76	0.4350
GO:0001824	blastocyst development	10	9	8.76	0.4350
GO:0030851	granulocyte differentiation	10	9	8.76	0.4350
GO:0001942	hair follicle development	10	9	8.76	0.4350
GO:0045446	endothelial cell differentiation	10	9	8.76	0.4350
GO:0097191	extrinsic apoptotic signaling pathway	10	9	8.76	0.4350
GO:0045600	positive regulation of fat cell differentiation	10	9	8.76	0.4350
GO:0051302	regulation of cell division	10	9	8.76	0.4350
GO:0009966	regulation of signal transduction	102	86	89.4	0.4377
GO:0032787	monocarboxylic acid metabolic process	21	20	18.41	0.4383
GO:0043534	blood vessel endothelial cell migration	15	15	13.15	0.4389
GO:0030073	insulin secretion	20	19	17.53	0.4393
GO:0010565	regulation of cellular ketone metabolic process	14	14	12.27	0.4399
GO:0002066	columnar/cuboidal epithelial cell development	13	13	11.39	0.4409
GO:0022412	cellular process involved in reproduction in multicellular organism	12	12	10.52	0.4419
GO:0042326	negative regulation of phosphorylation	12	12	10.52	0.4419
GO:0001936	regulation of endothelial cell proliferation	12	12	10.52	0.4419
GO:0006109	regulation of carbohydrate metabolic process	12	12	10.52	0.4419
GO:0034097	response to cytokine	65	60	56.97	0.4421
GO:0070848	response to growth factor	58	49	50.84	0.4449
GO:0006367	transcription initiation from RNA polymerase II promoter	13	12	11.39	0.4462
GO:1901216	positive regulation of neuron death	12	11	10.52	0.4472
GO:0042327	positive regulation of phosphorylation	16	14	14.02	0.4486
GO:0035282	segmentation	16	14	14.02	0.4486
GO:0045926	negative regulation of growth	16	14	14.02	0.4486
GO:0030900	forebrain development	37	31	32.43	0.4497
GO:0061351	neural precursor cell proliferation	19	16	16.65	0.4511
GO:0042445	hormone metabolic process	13	11	11.39	0.4515
GO:0018205	peptidyl-lysine modification	24	20	21.04	0.4516
GO:0046661	male sex differentiation	24	20	21.04	0.4516
GO:0001816	cytokine production	51	42	44.7	0.4524
GO:0007507	heart development	59	47	51.71	0.4542
GO:0050767	regulation of neurogenesis	27	22	23.67	0.4542
GO:0071417	cellular response to organonitrogen compound	42	40	36.81	0.4545
GO:0048469	cell maturation	21	18	18.41	0.4555
GO:0030155	regulation of cell adhesion	42	34	36.81	0.4560
GO:0002250	adaptive immune response	22	17	19.28	0.4591
GO:0072080	nephron tubule development	16	12	14.02	0.4595
GO:1905114	cell surface receptor signaling pathway involved in cell-cell signaling	38	30	33.31	0.4601
GO:0035556	intracellular signal transduction	85	74	74.5	0.4605
GO:0002696	positive regulation of leukocyte activation	25	19	21.91	0.4618
GO:0060485	mesenchyme development	40	31	35.06	0.4639
GO:1903039	positive regulation of leukocyte cell-cell adhesion	22	16	19.28	0.4647
GO:0003179	heart valve morphogenesis	14	9	12.27	0.4669
GO:0050778	positive regulation of immune response	15	13	13.15	0.4718
GO:0001707	mesoderm formation	15	13	13.15	0.4718
GO:0044283	small molecule biosynthetic process	15	13	13.15	0.4718
GO:0021953	central nervous system neuron differentiation	15	13	13.15	0.4718
GO:0097305	response to alcohol	15	13	13.15	0.4718
GO:0065003	protein-containing complex assembly	30	28	26.29	0.4728
GO:0009611	response to wounding	29	27	25.42	0.4743
GO:0007165	signal transduction	191	170	167.41	0.4774
GO:0001819	positive regulation of cytokine production	37	31	32.43	0.4840
GO:0051050	positive regulation of transport	26	23	22.79	0.4867
GO:0014902	myotube differentiation	9	8	7.89	0.4954
GO:0051591	response to cAMP	9	8	7.89	0.4954
GO:1903578	regulation of ATP metabolic process	9	8	7.89	0.4954
GO:0035115	embryonic forelimb morphogenesis	9	8	7.89	0.4954
GO:0007017	microtubule-based process	9	8	7.89	0.4954
GO:0060487	lung epithelial cell differentiation	9	8	7.89	0.4954
GO:0030216	keratinocyte differentiation	9	8	7.89	0.4954
GO:0008589	regulation of smoothened signaling pathway	9	8	7.89	0.4954
GO:0009791	post-embryonic development	9	8	7.89	0.4954
GO:0016202	regulation of striated muscle tissue development	9	8	7.89	0.4954
GO:0031076	embryonic camera-type eye development	9	8	7.89	0.4954
GO:2000179	positive regulation of neural precursor cell proliferation	9	8	7.89	0.4954
GO:0042693	muscle cell fate commitment	9	8	7.89	0.4954
GO:0060260	regulation of transcription initiation from RNA polymerase II promoter	9	8	7.89	0.4954
GO:0045058	T cell selection	9	8	7.89	0.4954
GO:0021517	ventral spinal cord development	9	8	7.89	0.4954
GO:0001570	vasculogenesis	9	8	7.89	0.4954
GO:0048048	embryonic eye morphogenesis	9	8	7.89	0.4954
GO:0048665	neuron fate specification	9	8	7.89	0.4954
GO:0009605	response to external stimulus	102	92	89.4	0.5013
GO:0001837	epithelial to mesenchymal transition	24	19	21.04	0.5057
GO:0008202	steroid metabolic process	24	19	21.04	0.5057
GO:0007166	cell surface receptor signaling pathway	116	102	101.67	0.5083
GO:0048513	animal organ development	262	232	229.64	0.5089
GO:0030099	myeloid cell differentiation	58	54	50.84	0.5173
GO:0006915	apoptotic process	109	94	95.54	0.5201
GO:0051129	negative regulation of cellular component organization	14	12	12.27	0.5219
GO:0051148	negative regulation of muscle cell differentiation	14	12	12.27	0.5219
GO:0006396	RNA processing	14	12	12.27	0.5219
GO:2000677	regulation of transcription regulatory region DNA binding	14	12	12.27	0.5219
GO:0009628	response to abiotic stimulus	62	56	54.34	0.5238
GO:0006325	chromatin organization	29	24	25.42	0.5247
GO:0019953	sexual reproduction	43	39	37.69	0.5325
GO:0071496	cellular response to external stimulus	27	26	23.67	0.5326
GO:0045596	negative regulation of cell differentiation	83	69	72.75	0.5337
GO:0048545	response to steroid hormone	41	37	35.94	0.5344
GO:0060322	head development	67	58	58.72	0.5350
GO:0001659	temperature homeostasis	19	19	16.65	0.5352
GO:0031668	cellular response to extracellular stimulus	24	23	21.04	0.5354
GO:1901575	organic substance catabolic process	28	26	24.54	0.5367
GO:0048592	eye morphogenesis	21	20	18.41	0.5382
GO:0048638	regulation of developmental growth	26	24	22.79	0.5386
GO:0010038	response to metal ion	19	18	16.65	0.5401
GO:0045646	regulation of erythrocyte differentiation	13	13	11.39	0.5406
GO:0062012	regulation of small molecule metabolic process	28	25	24.54	0.5417
GO:0001678	cellular glucose homeostasis	17	16	14.9	0.5419
GO:2000377	regulation of reactive oxygen species metabolic process	11	11	9.64	0.5424
GO:0043502	regulation of muscle adaptation	11	11	9.64	0.5424
GO:0051345	positive regulation of hydrolase activity	11	11	9.64	0.5424
GO:0007346	regulation of mitotic cell cycle	27	24	23.67	0.5427
GO:1903530	regulation of secretion by cell	26	23	22.79	0.5436
GO:0042476	odontogenesis	14	13	12.27	0.5446
GO:0009798	axis specification	14	13	12.27	0.5446
GO:0042542	response to hydrogen peroxide	14	13	12.27	0.5446
GO:0071453	cellular response to oxygen levels	19	17	16.65	0.5450
GO:0071695	anatomical structure maturation	24	21	21.04	0.5454
GO:0002695	negative regulation of leukocyte activation	12	11	10.52	0.5464
GO:2000177	regulation of neural precursor cell proliferation	12	11	10.52	0.5464
GO:0045639	positive regulation of myeloid cell differentiation	18	17	15.78	0.5473
GO:0002067	glandular epithelial cell differentiation	16	14	14.02	0.5477
GO:0006091	generation of precursor metabolites and energy	16	14	14.02	0.5477
GO:0014855	striated muscle cell proliferation	16	14	14.02	0.5477
GO:0032102	negative regulation of response to external stimulus	16	14	14.02	0.5477
GO:0043588	skin development	21	18	18.41	0.5482
GO:0023057	negative regulation of signaling	70	58	61.35	0.5487
GO:0010648	negative regulation of cell communication	70	58	61.35	0.5487
GO:0001944	vasculature development	75	62	65.74	0.5493
GO:0002065	columnar/cuboidal epithelial cell differentiation	25	21	21.91	0.5495
GO:0051960	regulation of nervous system development	30	25	26.29	0.5500
GO:0045667	regulation of osteoblast differentiation	16	15	14.02	0.5500
GO:0060038	cardiac muscle cell proliferation	13	11	11.39	0.5504
GO:0051098	regulation of binding	35	29	30.68	0.5505
GO:0002366	leukocyte activation involved in immune response	22	18	19.28	0.5523
GO:0048562	embryonic organ morphogenesis	55	45	48.21	0.5527
GO:0051402	neuron apoptotic process	21	17	18.41	0.5532
GO:0016570	histone modification	26	21	22.79	0.5537
GO:0019218	regulation of steroid metabolic process	14	11	12.27	0.5544
GO:0072009	nephron epithelium development	19	15	16.65	0.5550
GO:0002285	lymphocyte activation involved in immune response	19	15	16.65	0.5550
GO:0097193	intrinsic apoptotic signaling pathway	19	15	16.65	0.5550
GO:0060173	limb development	30	24	26.29	0.5552
GO:0045664	regulation of neuron differentiation	30	24	26.29	0.5552
GO:0014013	regulation of gliogenesis	13	10	11.39	0.5553
GO:0048663	neuron fate commitment	17	15	14.9	0.5561
GO:0031401	positive regulation of protein modification process	23	18	20.16	0.5564
GO:0003008	system process	77	64	67.49	0.5566
GO:0007584	response to nutrient	16	14	14.02	0.5575
GO:0035050	embryonic heart tube development	16	12	14.02	0.5576
GO:0035108	limb morphogenesis	27	21	23.67	0.5579
GO:0050727	regulation of inflammatory response	21	18	18.41	0.5582
GO:0048762	mesenchymal cell differentiation	32	25	28.05	0.5585
GO:0022409	positive regulation of cell-cell adhesion	25	19	21.91	0.5597
GO:0042733	embryonic digit morphogenesis	8	7	7.01	0.5608
GO:0008366	axon ensheathment	8	7	7.01	0.5608
GO:0035137	hindlimb morphogenesis	8	7	7.01	0.5608
GO:0060560	developmental growth involved in morphogenesis	8	7	7.01	0.5608
GO:0046638	positive regulation of alpha-beta T cell differentiation	8	7	7.01	0.5608
GO:0003309	type B pancreatic cell differentiation	8	7	7.01	0.5608
GO:0000086	G2/M transition of mitotic cell cycle	8	7	7.01	0.5608
GO:0000077	DNA damage checkpoint signaling	8	7	7.01	0.5608
GO:0045995	regulation of embryonic development	8	7	7.01	0.5608
GO:0001706	endoderm formation	8	7	7.01	0.5608
GO:0015980	energy derivation by oxidation of organic compounds	8	7	7.01	0.5608
GO:0010595	positive regulation of endothelial cell migration	8	7	7.01	0.5608
GO:0032368	regulation of lipid transport	8	7	7.01	0.5608
GO:0050804	modulation of chemical synaptic transmission	8	7	7.01	0.5608
GO:2000036	regulation of stem cell population maintenance	8	7	7.01	0.5608
GO:0045599	negative regulation of fat cell differentiation	8	7	7.01	0.5608
GO:0032835	glomerulus development	8	7	7.01	0.5608
GO:0031670	cellular response to nutrient	8	7	7.01	0.5608
GO:1904035	regulation of epithelial cell apoptotic process	8	7	7.01	0.5608
GO:0045581	negative regulation of T cell differentiation	8	7	7.01	0.5608
GO:0030858	positive regulation of epithelial cell differentiation	8	7	7.01	0.5608
GO:0048588	developmental cell growth	8	7	7.01	0.5608
GO:0006096	glycolytic process	8	7	7.01	0.5608
GO:0043525	positive regulation of neuron apoptotic process	8	7	7.01	0.5608
GO:0042246	tissue regeneration	8	7	7.01	0.5608
GO:0045685	regulation of glial cell differentiation	8	7	7.01	0.5608
GO:0030520	intracellular estrogen receptor signaling pathway	8	7	7.01	0.5608
GO:0009566	fertilization	8	7	7.01	0.5608
GO:1900542	regulation of purine nucleotide metabolic process	8	7	7.01	0.5608
GO:0010212	response to ionizing radiation	8	7	7.01	0.5608
GO:0060706	cell differentiation involved in embryonic placenta development	8	7	7.01	0.5608
GO:0051251	positive regulation of lymphocyte activation	21	15	18.41	0.5633
GO:0000904	cell morphogenesis involved in differentiation	32	26	28.05	0.5660
GO:0007411	axon guidance	13	11	11.39	0.5741
GO:0050728	negative regulation of inflammatory response	13	11	11.39	0.5741
GO:0032526	response to retinoic acid	13	11	11.39	0.5741
GO:0071495	cellular response to endogenous stimulus	111	97	97.29	0.5794
GO:1902533	positive regulation of intracellular signal transduction	18	15	15.78	0.5861
GO:0048666	neuron development	49	40	42.95	0.5908
GO:0043066	negative regulation of apoptotic process	63	50	55.22	0.5948
GO:0007420	brain development	64	55	56.1	0.6030
GO:0071702	organic substance transport	44	40	38.57	0.6036
GO:0007267	cell-cell signaling	80	68	70.12	0.6045
GO:0007417	central nervous system development	83	71	72.75	0.6083
GO:0016477	cell migration	56	48	49.08	0.6166
GO:0048704	embryonic skeletal system morphogenesis	23	20	20.16	0.6193
GO:0016043	cellular component organization	131	116	114.82	0.6253
GO:0019637	organophosphate metabolic process	16	14	14.02	0.6263
GO:0009719	response to endogenous stimulus	125	111	109.56	0.6266
GO:0031018	endocrine pancreas development	15	13	13.15	0.6276
GO:0019932	second-messenger-mediated signaling	12	10	10.52	0.6280
GO:0001756	somitogenesis	12	10	10.52	0.6280
GO:0071466	cellular response to xenobiotic stimulus	12	10	10.52	0.6280
GO:0007259	receptor signaling pathway via JAK-STAT	12	10	10.52	0.6280
GO:0032330	regulation of chondrocyte differentiation	12	10	10.52	0.6280
GO:0001934	positive regulation of protein phosphorylation	12	10	10.52	0.6280
GO:0030308	negative regulation of cell growth	12	10	10.52	0.6280
GO:0048546	digestive tract morphogenesis	12	10	10.52	0.6280
GO:0034248	regulation of cellular amide metabolic process	12	10	10.52	0.6280
GO:2001020	regulation of response to DNA damage stimulus	12	10	10.52	0.6280
GO:0006935	chemotaxis	20	17	17.53	0.6282
GO:0018193	peptidyl-amino acid modification	31	26	27.17	0.6282
GO:0006974	cellular response to DNA damage stimulus	35	29	30.68	0.6302
GO:0071396	cellular response to lipid	62	55	54.34	0.6308
GO:0045766	positive regulation of angiogenesis	17	14	14.9	0.6315
GO:0043433	negative regulation of DNA-binding transcription factor activity	17	14	14.9	0.6315
GO:0001656	metanephros development	16	13	14.02	0.6332
GO:0002009	morphogenesis of an epithelium	60	49	52.59	0.6339
GO:0044057	regulation of system process	31	25	27.17	0.6353
GO:0072132	mesenchyme morphogenesis	18	13	15.78	0.6445
GO:0019538	protein metabolic process	87	77	76.25	0.6453
GO:0048878	chemical homeostasis	44	42	38.57	0.6472
GO:0033036	macromolecule localization	55	50	48.21	0.6509
GO:0015031	protein transport	31	30	27.17	0.6536
GO:0010942	positive regulation of cell death	41	38	35.94	0.6539
GO:0045637	regulation of myeloid cell differentiation	35	33	30.68	0.6545
GO:0006810	transport	71	62	62.23	0.6551
GO:0009887	animal organ morphogenesis	125	104	109.56	0.6558
GO:0009790	embryo development	133	112	116.57	0.6561
GO:0051641	cellular localization	38	35	33.31	0.6563
GO:0022402	cell cycle process	36	33	31.55	0.6579
GO:0006082	organic acid metabolic process	25	24	21.91	0.6582
GO:0050878	regulation of body fluid levels	19	19	16.65	0.6588
GO:0019752	carboxylic acid metabolic process	23	22	20.16	0.6598
GO:0044248	cellular catabolic process	28	26	24.54	0.6600
GO:0019725	cellular homeostasis	28	26	24.54	0.6600
GO:0032269	negative regulation of cellular protein metabolic process	26	24	22.79	0.6604
GO:0071559	response to transforming growth factor beta	22	21	19.28	0.6605
GO:0071216	cellular response to biotic stimulus	16	16	14.02	0.6610
GO:0040008	regulation of growth	37	33	32.43	0.6613
GO:0032268	regulation of cellular protein metabolic process	58	50	50.84	0.6617
GO:0008284	positive regulation of cell population proliferation	86	73	75.38	0.6617
GO:0046660	female sex differentiation	14	14	12.27	0.6625
GO:0009896	positive regulation of catabolic process	14	14	12.27	0.6625
GO:0009314	response to radiation	24	22	21.04	0.6631
GO:0030218	erythrocyte differentiation	24	22	21.04	0.6635
GO:0031214	biomineral tissue development	11	11	9.64	0.6647
GO:0016458	gene silencing	11	11	9.64	0.6647
GO:0051338	regulation of transferase activity	11	11	9.64	0.6647
GO:0030334	regulation of cell migration	38	33	33.31	0.6648
GO:0006979	response to oxidative stress	27	24	23.67	0.6649
GO:0051235	maintenance of location	10	10	8.76	0.6655
GO:0055065	metal ion homeostasis	10	10	8.76	0.6655
GO:0033993	response to lipid	85	75	74.5	0.6655
GO:0019216	regulation of lipid metabolic process	26	23	22.79	0.6657
GO:0062197	cellular response to chemical stress	25	22	21.91	0.6664
GO:0023061	signal release	30	26	26.29	0.6668
GO:1901988	negative regulation of cell cycle phase transition	13	12	11.39	0.6672
GO:0006914	autophagy	13	12	11.39	0.6672
GO:0034614	cellular response to reactive oxygen species	13	12	11.39	0.6672
GO:0007389	pattern specification process	83	69	72.75	0.6681
GO:0009792	embryo development ending in birth or egg hatching	88	73	77.13	0.6685
GO:0001763	morphogenesis of a branching structure	33	28	28.92	0.6687
GO:0035136	forelimb morphogenesis	11	10	9.64	0.6687
GO:1903038	negative regulation of leukocyte cell-cell adhesion	11	10	9.64	0.6687
GO:0097190	apoptotic signaling pathway	32	27	28.05	0.6694
GO:0007268	chemical synaptic transmission	10	9	8.76	0.6694
GO:1904019	epithelial cell apoptotic process	10	9	8.76	0.6694
GO:0010634	positive regulation of epithelial cell migration	10	9	8.76	0.6694
GO:0031348	negative regulation of defense response	15	13	13.15	0.6698
GO:0046620	regulation of organ growth	15	13	13.15	0.6698
GO:0023056	positive regulation of signaling	53	44	46.45	0.6702
GO:0010647	positive regulation of cell communication	53	44	46.45	0.6702
GO:0001558	regulation of cell growth	14	12	12.27	0.6705
GO:0061035	regulation of cartilage development	14	12	12.27	0.6705
GO:0051216	cartilage development	30	26	26.29	0.6708
GO:0021510	spinal cord development	13	11	11.39	0.6712
GO:1903532	positive regulation of secretion by cell	12	10	10.52	0.6720
GO:0055021	regulation of cardiac muscle tissue growth	12	10	10.52	0.6720
GO:2000756	regulation of peptidyl-lysine acetylation	11	9	9.64	0.6727
GO:0032270	positive regulation of cellular protein metabolic process	33	27	28.92	0.6729
GO:0006518	peptide metabolic process	10	8	8.76	0.6734
GO:0003229	ventricular cardiac muscle tissue development	10	8	8.76	0.6734
GO:0048514	blood vessel morphogenesis	60	49	52.59	0.6735
GO:0060548	negative regulation of cell death	71	58	62.23	0.6737
GO:0008610	lipid biosynthetic process	19	15	16.65	0.6750
GO:0048738	cardiac muscle tissue development	29	23	25.42	0.6759
GO:0050680	negative regulation of epithelial cell proliferation	16	13	14.02	0.6770
GO:0045666	positive regulation of neuron differentiation	16	13	14.02	0.6770
GO:0042471	ear morphogenesis	16	12	14.02	0.6771
GO:0010660	regulation of muscle cell apoptotic process	10	7	8.76	0.6774
GO:0060993	kidney morphogenesis	15	11	13.15	0.6778
GO:0002697	regulation of immune effector process	15	11	13.15	0.6778
GO:0014033	neural crest cell differentiation	13	9	11.39	0.6793
GO:0016055	Wnt signaling pathway	34	26	29.8	0.6806
GO:0022411	cellular component disassembly	11	9	9.64	0.6826
GO:0016192	vesicle-mediated transport	11	9	9.64	0.6826
GO:0002699	positive regulation of immune effector process	11	9	9.64	0.6826
GO:0021761	limbic system development	11	9	9.64	0.6826
GO:0051153	regulation of striated muscle cell differentiation	11	9	9.64	0.6826
GO:0062014	negative regulation of small molecule metabolic process	11	9	9.64	0.6826
GO:0043392	negative regulation of DNA binding	11	9	9.64	0.6826
GO:0001838	embryonic epithelial tube formation	11	9	9.64	0.6826
GO:0030330	DNA damage response, signal transduction by p53 class mediator	11	9	9.64	0.6826
GO:0050678	regulation of epithelial cell proliferation	38	34	33.31	0.6859
GO:0032496	response to lipopolysaccharide	20	19	17.53	0.6881
GO:0048732	gland development	84	71	73.62	0.6885
GO:0002573	myeloid leukocyte differentiation	30	27	26.29	0.6890
GO:0033365	protein localization to organelle	18	17	15.78	0.6904
GO:0071383	cellular response to steroid hormone stimulus	34	30	29.8	0.6906
GO:0009952	anterior/posterior pattern specification	50	42	43.82	0.6933
GO:0071824	protein-DNA complex subunit organization	15	14	13.15	0.6937
GO:0051239	regulation of multicellular organismal process	186	162	163.03	0.6947
GO:0045786	negative regulation of cell cycle	23	20	20.16	0.6969
GO:0045937	positive regulation of phosphate metabolic process	22	19	19.28	0.6980
GO:0007224	smoothened signaling pathway	15	13	13.15	0.6997
GO:0007492	endoderm development	14	12	12.27	0.7008
GO:0019827	stem cell population maintenance	24	20	21.04	0.7019
GO:0010001	glial cell differentiation	24	20	21.04	0.7019
GO:0030509	BMP signaling pathway	16	13	14.02	0.7046
GO:0051093	negative regulation of developmental process	101	84	88.52	0.7058
GO:0055007	cardiac muscle cell differentiation	17	13	14.9	0.7095
GO:0050769	positive regulation of neurogenesis	16	12	14.02	0.7106
GO:0009410	response to xenobiotic stimulus	32	26	28.05	0.7143
GO:0071363	cellular response to growth factor stimulus	52	43	45.58	0.7157
GO:0008584	male gonad development	20	16	17.53	0.7159
GO:0006950	response to stress	140	123	122.71	0.7177
GO:0001892	embryonic placenta development	23	19	20.16	0.7181
GO:0035019	somatic stem cell population maintenance	15	12	13.15	0.7220
GO:0006338	chromatin remodeling	15	12	13.15	0.7220
GO:0002761	regulation of myeloid leukocyte differentiation	18	16	15.78	0.7267
GO:0034599	cellular response to oxidative stress	23	20	20.16	0.7273
GO:0048568	embryonic organ development	86	71	75.38	0.7311
GO:0009725	response to hormone	85	77	74.5	0.7331
GO:0001568	blood vessel development	72	59	63.11	0.7357
GO:0050777	negative regulation of immune response	10	8	8.76	0.7370
GO:0008593	regulation of Notch signaling pathway	10	8	8.76	0.7370
GO:0060043	regulation of cardiac muscle cell proliferation	10	8	8.76	0.7370
GO:0045931	positive regulation of mitotic cell cycle	10	8	8.76	0.7370
GO:0009895	negative regulation of catabolic process	10	8	8.76	0.7370
GO:0043491	protein kinase B signaling	10	8	8.76	0.7370
GO:0021515	cell differentiation in spinal cord	10	8	8.76	0.7370
GO:0021545	cranial nerve development	10	8	8.76	0.7370
GO:0046887	positive regulation of hormone secretion	10	8	8.76	0.7370
GO:0043524	negative regulation of neuron apoptotic process	10	8	8.76	0.7370
GO:0030510	regulation of BMP signaling pathway	10	8	8.76	0.7370
GO:0030534	adult behavior	10	8	8.76	0.7370
GO:0001658	branching involved in ureteric bud morphogenesis	10	8	8.76	0.7370
GO:1902532	negative regulation of intracellular signal transduction	27	23	23.67	0.7404
GO:0007600	sensory perception	18	14	15.78	0.7410
GO:1901564	organonitrogen compound metabolic process	97	85	85.02	0.7429
GO:0006796	phosphate-containing compound metabolic process	46	42	40.32	0.7540
GO:0001525	angiogenesis	44	37	38.57	0.7541
GO:0044419	biological process involved in interspecies interaction between organisms	54	48	47.33	0.7565
GO:0030335	positive regulation of cell migration	24	20	21.04	0.7594
GO:1903131	mononuclear cell differentiation	55	48	48.21	0.7610
GO:0050673	epithelial cell proliferation	43	38	37.69	0.7623
GO:0060541	respiratory system development	32	29	28.05	0.7627
GO:0007519	skeletal muscle tissue development	18	17	15.78	0.7658
GO:0048844	artery morphogenesis	14	11	12.27	0.7658
GO:0045665	negative regulation of neuron differentiation	14	11	12.27	0.7658
GO:0048705	skeletal system morphogenesis	37	32	32.43	0.7682
GO:0002764	immune response-regulating signaling pathway	14	13	12.27	0.7694
GO:0060349	bone morphogenesis	13	12	11.39	0.7703
GO:1901990	regulation of mitotic cell cycle phase transition	13	12	11.39	0.7703
GO:0007611	learning or memory	13	12	11.39	0.7703
GO:0045930	negative regulation of mitotic cell cycle	13	12	11.39	0.7703
GO:0021543	pallium development	13	12	11.39	0.7703
GO:0090287	regulation of cellular response to growth factor stimulus	22	19	19.28	0.7720
GO:0033554	cellular response to stress	87	72	76.25	0.7727
GO:0061138	morphogenesis of a branching epithelium	31	26	27.17	0.7738
GO:1902106	negative regulation of leukocyte differentiation	13	11	11.39	0.7751
GO:0045934	negative regulation of nucleobase-containing compound metabolic process	221	190	193.7	0.7761
GO:0051052	regulation of DNA metabolic process	18	16	15.78	0.7800
GO:0009913	epidermal cell differentiation	18	14	15.78	0.7805
GO:0045445	myoblast differentiation	17	15	14.9	0.7811
GO:1901615	organic hydroxy compound metabolic process	22	17	19.28	0.7819
GO:0010717	regulation of epithelial to mesenchymal transition	15	11	13.15	0.7831
GO:0008283	cell population proliferation	156	137	136.73	0.7857
GO:0042592	homeostatic process	86	82	75.38	0.7857
GO:0009653	anatomical structure morphogenesis	196	166	171.79	0.7863
GO:0035065	regulation of histone acetylation	9	7	7.89	0.7899
GO:0090183	regulation of kidney development	9	7	7.89	0.7899
GO:0002440	production of molecular mediator of immune response	9	7	7.89	0.7899
GO:0072210	metanephric nephron development	9	7	7.89	0.7899
GO:0034968	histone lysine methylation	9	7	7.89	0.7899
GO:0033143	regulation of intracellular steroid hormone receptor signaling pathway	9	7	7.89	0.7899
GO:0019083	viral transcription	9	7	7.89	0.7899
GO:0031589	cell-substrate adhesion	9	7	7.89	0.7899
GO:0071478	cellular response to radiation	9	7	7.89	0.7899
GO:0032350	regulation of hormone metabolic process	9	7	7.89	0.7899
GO:2000027	regulation of animal organ morphogenesis	9	7	7.89	0.7899
GO:0006959	humoral immune response	9	7	7.89	0.7899
GO:0035904	aorta development	9	7	7.89	0.7899
GO:0021983	pituitary gland development	18	14	15.78	0.7905
GO:0002520	immune system development	98	88	85.9	0.7963
GO:0008219	cell death	117	102	102.55	0.8000
GO:0001701	in utero embryonic development	51	42	44.7	0.8010
GO:1901652	response to peptide	41	40	35.94	0.8031
GO:1901699	cellular response to nitrogen compound	43	41	37.69	0.8047
GO:0002682	regulation of immune system process	75	66	65.74	0.8069
GO:0045184	establishment of protein localization	33	32	28.92	0.8072
GO:0043388	positive regulation of DNA binding	13	10	11.39	0.8075
GO:0044093	positive regulation of molecular function	46	42	40.32	0.8085
GO:0001655	urogenital system development	46	42	40.32	0.8085
GO:0007167	enzyme linked receptor protein signaling pathway	51	46	44.7	0.8086
GO:0050790	regulation of catalytic activity	30	29	26.29	0.8087
GO:0065009	regulation of molecular function	76	66	66.61	0.8092
GO:1903706	regulation of hemopoiesis	53	47	46.45	0.8103
GO:0043933	protein-containing complex subunit organization	37	34	32.43	0.8104
GO:0006508	proteolysis	26	25	22.79	0.8106
GO:0009607	response to biotic stimulus	52	46	45.58	0.8108
GO:0032880	regulation of protein localization	24	23	21.04	0.8116
GO:0030097	hemopoiesis	94	85	82.39	0.8117
GO:0042325	regulation of phosphorylation	29	27	25.42	0.8117
GO:0009894	regulation of catabolic process	29	27	25.42	0.8117
GO:0009617	response to bacterium	22	21	19.28	0.8125
GO:0009743	response to carbohydrate	22	21	19.28	0.8125
GO:0034613	cellular protein localization	22	21	19.28	0.8125
GO:0051248	negative regulation of protein metabolic process	27	25	23.67	0.8127
GO:0090130	tissue migration	21	20	18.41	0.8130
GO:0002237	response to molecule of bacterial origin	21	20	18.41	0.8130
GO:0061008	hepaticobiliary system development	26	24	22.79	0.8131
GO:0002262	myeloid cell homeostasis	26	24	22.79	0.8131
GO:0032879	regulation of localization	74	63	64.86	0.8132
GO:0042594	response to starvation	15	15	13.15	0.8133
GO:0042180	cellular ketone metabolic process	15	15	13.15	0.8133
GO:0043620	regulation of DNA-templated transcription in response to stress	15	15	13.15	0.8133
GO:0010631	epithelial cell migration	20	19	17.53	0.8134
GO:0034101	erythrocyte homeostasis	25	23	21.91	0.8136
GO:0048870	cell motility	57	49	49.96	0.8137
GO:0060538	skeletal muscle organ development	19	18	16.65	0.8139
GO:0072001	renal system development	35	31	30.68	0.8140
GO:0032940	secretion by cell	35	31	30.68	0.8140
GO:0040012	regulation of locomotion	40	35	35.06	0.8141
GO:0045936	negative regulation of phosphate metabolic process	13	13	11.39	0.8142
GO:0031347	regulation of defense response	28	25	24.54	0.8147
GO:0050708	regulation of protein secretion	17	16	14.9	0.8148
GO:0071241	cellular response to inorganic substance	17	16	14.9	0.8148
GO:0060249	anatomical structure homeostasis	11	11	9.64	0.8151
GO:0070555	response to interleukin-1	11	11	9.64	0.8151
GO:0006631	fatty acid metabolic process	11	11	9.64	0.8151
GO:0000302	response to reactive oxygen species	16	15	14.02	0.8153
GO:0001932	regulation of protein phosphorylation	20	18	17.53	0.8159
GO:0061564	axon development	20	18	17.53	0.8159
GO:0007589	body fluid secretion	9	9	7.89	0.8160
GO:0007249	I-kappaB kinase/NF-kappaB signaling	9	9	7.89	0.8160
GO:0002221	pattern recognition receptor signaling pathway	9	9	7.89	0.8160
GO:0030316	osteoclast differentiation	9	9	7.89	0.8160
GO:0050890	cognition	14	13	12.27	0.8162
GO:0051147	regulation of muscle cell differentiation	19	17	16.65	0.8164
GO:0010594	regulation of endothelial cell migration	13	12	11.39	0.8166
GO:0042110	T cell activation	40	34	35.06	0.8168
GO:0022008	neurogenesis	100	83	87.65	0.8168
GO:0002683	negative regulation of immune system process	23	20	20.16	0.8170
GO:0022408	negative regulation of cell-cell adhesion	12	11	10.52	0.8171
GO:0050801	ion homeostasis	12	11	10.52	0.8171
GO:0060537	muscle tissue development	50	42	43.82	0.8172
GO:0030030	cell projection organization	39	33	34.18	0.8172
GO:0008406	gonad development	28	24	24.54	0.8173
GO:0032259	methylation	17	15	14.9	0.8173
GO:0060284	regulation of cell development	33	28	28.92	0.8175
GO:0003158	endothelium development	11	10	9.64	0.8175
GO:0099536	synaptic signaling	11	10	9.64	0.8175
GO:0042633	hair cycle	11	10	9.64	0.8175
GO:0048332	mesoderm morphogenesis	16	14	14.02	0.8177
GO:0044092	negative regulation of molecular function	37	31	32.43	0.8182
GO:0009150	purine ribonucleotide metabolic process	9	8	7.89	0.8184
GO:0050868	negative regulation of T cell activation	9	8	7.89	0.8184
GO:0006869	lipid transport	9	8	7.89	0.8184
GO:0006090	pyruvate metabolic process	9	8	7.89	0.8184
GO:1905952	regulation of lipid localization	9	8	7.89	0.8184
GO:0044839	cell cycle G2/M phase transition	9	8	7.89	0.8184
GO:2000147	positive regulation of cell motility	25	21	21.91	0.8186
GO:0035148	tube formation	13	11	11.39	0.8191
GO:0051047	positive regulation of secretion	13	11	11.39	0.8191
GO:0097696	receptor signaling pathway via STAT	13	11	11.39	0.8191
GO:0032989	cellular component morphogenesis	24	20	21.04	0.8191
GO:0009855	determination of bilateral symmetry	18	15	15.78	0.8193
GO:1901983	regulation of protein acetylation	12	10	10.52	0.8195
GO:0072175	epithelial tube formation	12	10	10.52	0.8195
GO:0120039	plasma membrane bounded cell projection morphogenesis	23	19	20.16	0.8195
GO:0006473	protein acetylation	17	14	14.9	0.8198
GO:0016571	histone methylation	11	9	9.64	0.8200
GO:0060840	artery development	16	13	14.02	0.8202
GO:0048644	muscle organ morphogenesis	10	8	8.76	0.8204
GO:0046632	alpha-beta T cell differentiation	21	17	18.41	0.8204
GO:0043604	amide biosynthetic process	9	7	7.89	0.8208
GO:0060415	muscle tissue morphogenesis	9	7	7.89	0.8208
GO:0006310	DNA recombination	9	7	7.89	0.8208
GO:0002443	leukocyte mediated immunity	14	11	12.27	0.8211
GO:0046634	regulation of alpha-beta T cell activation	13	10	11.39	0.8215
GO:0002694	regulation of leukocyte activation	35	28	30.68	0.8217
GO:0046637	regulation of alpha-beta T cell differentiation	12	9	10.52	0.8220
GO:0060562	epithelial tube morphogenesis	45	36	39.44	0.8223
GO:0002286	T cell activation involved in immune response	16	12	14.02	0.8227
GO:0007049	cell cycle	77	69	67.49	0.8227
GO:0045682	regulation of epidermis development	10	7	8.76	0.8228
GO:0045580	regulation of T cell differentiation	21	16	18.41	0.8229
GO:0002293	alpha-beta T cell differentiation involved in immune response	15	11	13.15	0.8231
GO:0050867	positive regulation of cell activation	26	20	22.79	0.8232
GO:0055123	digestive system development	26	20	22.79	0.8232
GO:0042692	muscle cell differentiation	36	28	31.55	0.8238
GO:0007569	cell aging	13	9	11.39	0.8240
GO:0120035	regulation of plasma membrane bounded cell projection organization	13	9	11.39	0.8240
GO:0061333	renal tubule morphogenesis	13	9	11.39	0.8240
GO:0072088	nephron epithelium morphogenesis	13	9	11.39	0.8240
GO:0043069	negative regulation of programmed cell death	64	51	56.1	0.8240
GO:0014031	mesenchymal cell development	12	8	10.52	0.8244
GO:0003170	heart valve development	16	11	14.02	0.8251
GO:0003176	aortic valve development	11	6	9.64	0.8273
GO:0003206	cardiac chamber morphogenesis	21	14	18.41	0.8279
GO:0032101	regulation of response to external stimulus	35	30	30.68	0.8303
GO:0030902	hindbrain development	18	15	15.78	0.8360
GO:0051301	cell division	18	15	15.78	0.8360
GO:0031099	regeneration	16	13	14.02	0.8378
GO:0071560	cellular response to transforming growth factor beta stimulus	20	19	17.53	0.8387
GO:1903047	mitotic cell cycle process	25	23	21.91	0.8389
GO:0002562	somatic diversification of immune receptors via germline recombination within a single locus	8	6	7.01	0.8399
GO:0090100	positive regulation of transmembrane receptor protein serine/threonine kinase signaling pathway	8	6	7.01	0.8399
GO:0090102	cochlea development	8	6	7.01	0.8399
GO:0060421	positive regulation of heart growth	8	6	7.01	0.8399
GO:0007601	visual perception	8	6	7.01	0.8399
GO:0050864	regulation of B cell activation	8	6	7.01	0.8399
GO:0031060	regulation of histone methylation	8	6	7.01	0.8399
GO:0010092	specification of animal organ identity	8	6	7.01	0.8399
GO:0061323	cell proliferation involved in heart morphogenesis	8	6	7.01	0.8399
GO:0030325	adrenal gland development	8	6	7.01	0.8399
GO:0030878	thyroid gland development	8	6	7.01	0.8399
GO:0035850	epithelial cell differentiation involved in kidney development	8	6	7.01	0.8399
GO:0055010	ventricular cardiac muscle tissue morphogenesis	8	6	7.01	0.8399
GO:0043043	peptide biosynthetic process	8	6	7.01	0.8399
GO:0032649	regulation of interferon-gamma production	8	6	7.01	0.8399
GO:0001775	cell activation	66	56	57.85	0.8403
GO:0031329	regulation of cellular catabolic process	22	20	19.28	0.8410
GO:0044255	cellular lipid metabolic process	15	14	13.15	0.8421
GO:0043500	muscle adaptation	15	14	13.15	0.8421
GO:0048645	animal organ formation	16	12	14.02	0.8427
GO:0043408	regulation of MAPK cascade	12	11	10.52	0.8440
GO:0048585	negative regulation of response to stimulus	80	66	70.12	0.8463
GO:0007422	peripheral nervous system development	12	9	10.52	0.8465
GO:0016071	mRNA metabolic process	12	9	10.52	0.8465
GO:0002244	hematopoietic progenitor cell differentiation	12	9	10.52	0.8465
GO:0001947	heart looping	12	9	10.52	0.8465
GO:0050877	nervous system process	34	28	29.8	0.8477
GO:0060070	canonical Wnt signaling pathway	27	20	23.67	0.8479
GO:0030518	intracellular steroid hormone receptor signaling pathway	16	13	14.02	0.8486
GO:0008544	epidermis development	31	25	27.17	0.8497
GO:1901566	organonitrogen compound biosynthetic process	20	15	17.53	0.8498
GO:0016573	histone acetylation	13	10	11.39	0.8505
GO:0035051	cardiocyte differentiation	24	18	21.04	0.8542
GO:0032870	cellular response to hormone stimulus	71	64	62.23	0.8559
GO:0048589	developmental growth	54	49	47.33	0.8620
GO:0007399	nervous system development	146	122	127.97	0.8688
GO:0001667	ameboidal-type cell migration	27	24	23.67	0.8753
GO:0010608	posttranscriptional regulation of gene expression	16	14	14.02	0.8794
GO:0050810	regulation of steroid biosynthetic process	11	8	9.64	0.8820
GO:1901617	organic hydroxy compound biosynthetic process	11	8	9.64	0.8820
GO:0009954	proximal/distal pattern formation	11	8	9.64	0.8820
GO:0055013	cardiac muscle cell development	11	8	9.64	0.8820
GO:0007219	Notch signaling pathway	21	16	18.41	0.8830
GO:0071345	cellular response to cytokine stimulus	54	50	47.33	0.8838
GO:2001234	negative regulation of apoptotic signaling pathway	15	11	13.15	0.8861
GO:0051145	smooth muscle cell differentiation	15	11	13.15	0.8861
GO:0001818	negative regulation of cytokine production	15	11	13.15	0.8861
GO:0003208	cardiac ventricle morphogenesis	15	11	13.15	0.8876
GO:0048565	digestive tract development	25	19	21.91	0.8884
GO:0048534	hematopoietic or lymphoid organ development	97	87	85.02	0.8921
GO:0045597	positive regulation of cell differentiation	96	79	84.14	0.9032
GO:0030098	lymphocyte differentiation	48	42	42.07	0.9073
GO:0050896	response to stimulus	264	235	231.39	0.9102
GO:0001654	eye development	44	40	38.57	0.9109
GO:0046879	hormone secretion	28	24	24.54	0.9113
GO:0045862	positive regulation of proteolysis	11	10	9.64	0.9116
GO:0044265	cellular macromolecule catabolic process	11	10	9.64	0.9116
GO:0021537	telencephalon development	16	14	14.02	0.9118
GO:0042472	inner ear morphogenesis	14	10	12.27	0.9119
GO:0042093	T-helper cell differentiation	14	10	12.27	0.9119
GO:0045598	regulation of fat cell differentiation	21	18	18.41	0.9119
GO:0003002	regionalization	70	58	61.35	0.9120
GO:0048706	embryonic skeletal system development	26	22	22.79	0.9121
GO:0050776	regulation of immune response	31	26	27.17	0.9123
GO:0006260	DNA replication	10	7	8.76	0.9134
GO:0002449	lymphocyte mediated immunity	10	7	8.76	0.9134
GO:0010718	positive regulation of epithelial to mesenchymal transition	10	7	8.76	0.9134
GO:0050768	negative regulation of neurogenesis	10	7	8.76	0.9134
GO:0014015	positive regulation of gliogenesis	10	7	8.76	0.9134
GO:2001242	regulation of intrinsic apoptotic signaling pathway	10	7	8.76	0.9134
GO:0048709	oligodendrocyte differentiation	10	7	8.76	0.9134
GO:0043370	regulation of CD4-positive, alpha-beta T cell differentiation	10	7	8.76	0.9134
GO:1901655	cellular response to ketone	10	7	8.76	0.9134
GO:0048483	autonomic nervous system development	10	7	8.76	0.9134
GO:0050670	regulation of lymphocyte proliferation	10	7	8.76	0.9134
GO:0051276	chromosome organization	32	26	28.05	0.9142
GO:0031175	neuron projection development	31	25	27.17	0.9146
GO:0051100	negative regulation of binding	14	11	12.27	0.9147
GO:2001233	regulation of apoptotic signaling pathway	21	16	18.41	0.9164
GO:0051128	regulation of cellular component organization	58	49	50.84	0.9181
GO:0080135	regulation of cellular response to stress	34	26	29.8	0.9185
GO:0030856	regulation of epithelial cell differentiation	21	15	18.41	0.9185
GO:0003197	endocardial cushion development	14	9	12.27	0.9190
GO:0030111	regulation of Wnt signaling pathway	25	18	21.91	0.9192
GO:0030178	negative regulation of Wnt signaling pathway	17	11	14.9	0.9200
GO:0044087	regulation of cellular component biogenesis	20	17	17.53	0.9210
GO:0006281	DNA repair	14	12	12.27	0.9212
GO:0055001	muscle cell development	17	12	14.9	0.9277
GO:0002460	adaptive immune response based on somatic recombination of immune receptors built from immunoglobulin superfamily domains	17	12	14.9	0.9337
GO:0003151	outflow tract morphogenesis	17	12	14.9	0.9337
GO:0009615	response to virus	19	16	16.65	0.9351
GO:0034330	cell junction organization	9	6	7.89	0.9399
GO:0008630	intrinsic apoptotic signaling pathway in response to DNA damage	9	6	7.89	0.9399
GO:1905330	regulation of morphogenesis of an epithelium	9	6	7.89	0.9399
GO:0002703	regulation of leukocyte mediated immunity	9	6	7.89	0.9399
GO:0002819	regulation of adaptive immune response	9	6	7.89	0.9399
GO:0045604	regulation of epidermal cell differentiation	9	6	7.89	0.9399
GO:0022607	cellular component assembly	45	41	39.44	0.9476
GO:0010975	regulation of neuron projection development	12	8	10.52	0.9530
GO:0060021	roof of mouth development	12	8	10.52	0.9530
GO:0050793	regulation of developmental process	184	158	161.27	0.9552
GO:0001649	osteoblast differentiation	24	20	21.04	0.9580
GO:0007405	neuroblast proliferation	8	5	7.01	0.9614
GO:0060575	intestinal epithelial cell differentiation	8	5	7.01	0.9614
GO:0014009	glial cell proliferation	8	5	7.01	0.9614
GO:1905207	regulation of cardiocyte differentiation	8	5	7.01	0.9614
GO:0045833	negative regulation of lipid metabolic process	8	5	7.01	0.9614
GO:0030857	negative regulation of epithelial cell differentiation	8	5	7.01	0.9614
GO:0010665	regulation of cardiac muscle cell apoptotic process	8	5	7.01	0.9614
GO:0090342	regulation of cell aging	8	5	7.01	0.9614
GO:0022603	regulation of anatomical structure morphogenesis	52	41	45.58	0.9622
GO:0051707	response to other organism	49	44	42.95	0.9634
GO:0071705	nitrogen compound transport	34	31	29.8	0.9642
GO:0007548	sex differentiation	35	30	30.68	0.9660
GO:0042113	B cell activation	21	18	18.41	0.9665
GO:0030003	cellular cation homeostasis	10	9	8.76	0.9665
GO:0022037	metencephalon development	10	9	8.76	0.9665
GO:0051270	regulation of cellular component movement	42	35	36.81	0.9666
GO:1904888	cranial skeletal system development	13	11	11.39	0.9669
GO:0006259	DNA metabolic process	33	27	28.92	0.9672
GO:0035883	enteroendocrine cell differentiation	10	8	8.76	0.9674
GO:0001817	regulation of cytokine production	47	38	41.19	0.9677
GO:0000902	cell morphogenesis	34	27	29.8	0.9680
GO:0003012	muscle system process	22	17	19.28	0.9681
GO:0014032	neural crest cell development	11	7	9.64	0.9682
GO:0031058	positive regulation of histone modification	11	7	9.64	0.9682
GO:0008016	regulation of heart contraction	11	7	9.64	0.9682
GO:0090398	cellular senescence	11	7	9.64	0.9682
GO:0003203	endocardial cushion morphogenesis	11	7	9.64	0.9682
GO:0061005	cell differentiation involved in kidney development	10	7	8.76	0.9683
GO:0021536	diencephalon development	20	15	17.53	0.9684
GO:0090090	negative regulation of canonical Wnt signaling pathway	14	9	12.27	0.9746
GO:0043009	chordate embryonic development	86	71	75.38	0.9786
GO:0030879	mammary gland development	26	22	22.79	0.9786
GO:0003300	cardiac muscle hypertrophy	12	10	10.52	0.9791
GO:0002831	regulation of response to biotic stimulus	12	10	10.52	0.9791
GO:0048598	embryonic morphogenesis	90	73	78.88	0.9799
GO:0071773	cellular response to BMP stimulus	20	15	17.53	0.9803
GO:0003281	ventricular septum development	13	8	11.39	0.9830
GO:0045582	positive regulation of T cell differentiation	17	12	14.9	0.9880
GO:2000736	regulation of stem cell differentiation	12	7	10.52	0.9893
GO:0008104	protein localization	48	44	42.07	0.9926
GO:0030326	embryonic limb morphogenesis	23	17	20.16	0.9937
GO:0046907	intracellular transport	14	12	12.27	0.9938
GO:0048812	neuron projection morphogenesis	22	18	19.28	0.9940
GO:0060411	cardiac septum morphogenesis	14	8	12.27	0.9944
GO:0001709	cell fate determination	14	8	12.27	0.9944
GO:0046651	lymphocyte proliferation	13	8	11.39	0.9946
GO:0090257	regulation of muscle system process	16	13	14.02	0.9953
GO:0048667	cell morphogenesis involved in neuron differentiation	24	19	21.04	0.9954
GO:0003161	cardiac conduction system development	10	5	8.76	0.9967
GO:0003180	aortic valve morphogenesis	10	5	8.76	0.9967
GO:0010002	cardioblast differentiation	9	4	7.89	0.9985
GO:0009056	catabolic process	36	33	31.55	1.0000
GO:0009057	macromolecule catabolic process	16	15	14.02	1.0000
GO:0009058	biosynthetic process	395	344	346.21	1.0000
GO:0009059	macromolecule biosynthetic process	395	344	346.21	1.0000
GO:0048608	reproductive structure development	66	58	57.85	1.0000
GO:0007423	sensory organ development	63	54	55.22	1.0000
GO:0090087	regulation of peptide transport	17	15	14.9	1.0000
GO:0045229	external encapsulating structure organization	11	10	9.64	1.0000
GO:0072006	nephron development	20	16	17.53	1.0000
GO:0061614	pri-miRNA transcription by RNA polymerase II	31	29	27.17	1.0000
GO:0046545	development of primary female sexual characteristics	12	12	10.52	1.0000
GO:0046546	development of primary male sexual characteristics	20	16	17.53	1.0000
GO:1901700	response to oxygen-containing compound	107	98	93.78	1.0000
GO:0140352	export from cell	35	31	30.68	1.0000
GO:0032606	type I interferon production	9	9	7.89	1.0000
GO:0022414	reproductive process	101	89	88.52	1.0000
GO:0032609	interferon-gamma production	8	6	7.01	1.0000
GO:0035194	post-transcriptional gene silencing by RNA	9	9	7.89	1.0000
GO:0031399	regulation of protein modification process	41	36	35.94	1.0000
GO:0071772	response to BMP	20	15	17.53	1.0000
GO:0016052	carbohydrate catabolic process	9	8	7.89	1.0000
GO:2001141	regulation of RNA biosynthetic process	395	344	346.21	1.0000
GO:0009185	ribonucleoside diphosphate metabolic process	8	7	7.01	1.0000
GO:0043603	cellular amide metabolic process	13	11	11.39	1.0000
GO:1901360	organic cyclic compound metabolic process	395	344	346.21	1.0000
GO:1901362	organic cyclic compound biosynthetic process	395	344	346.21	1.0000
GO:0016070	RNA metabolic process	395	344	346.21	1.0000
GO:0009179	purine ribonucleoside diphosphate metabolic process	8	7	7.01	1.0000
GO:1903522	regulation of blood circulation	11	7	9.64	1.0000
GO:0120161	regulation of cold-induced thermogenesis	16	16	14.02	1.0000
GO:0005996	monosaccharide metabolic process	12	11	10.52	1.0000
GO:0009117	nucleotide metabolic process	9	8	7.89	1.0000
GO:0022404	molting cycle process	10	9	8.76	1.0000
GO:0022405	hair cycle process	10	9	8.76	1.0000
GO:0050794	regulation of cellular process	395	344	346.21	1.0000
GO:0010721	negative regulation of cell development	10	7	8.76	1.0000
GO:0022407	regulation of cell-cell adhesion	30	24	26.29	1.0000
GO:1901861	regulation of muscle tissue development	9	8	7.89	1.0000
GO:0002521	leukocyte differentiation	67	60	58.72	1.0000
GO:0090132	epithelium migration	20	19	17.53	1.0000
GO:0070661	leukocyte proliferation	13	8	11.39	1.0000
GO:0070663	regulation of leukocyte proliferation	10	7	8.76	1.0000
GO:0048232	male gamete generation	26	23	22.79	1.0000
GO:0016049	cell growth	18	15	15.78	1.0000
GO:0009132	nucleoside diphosphate metabolic process	8	7	7.01	1.0000
GO:0009135	purine nucleoside diphosphate metabolic process	8	7	7.01	1.0000
GO:0031323	regulation of cellular metabolic process	395	344	346.21	1.0000
GO:0031324	negative regulation of cellular metabolic process	229	197	200.71	1.0000
GO:0031325	positive regulation of cellular metabolic process	329	295	288.36	1.0000
GO:0031326	regulation of cellular biosynthetic process	395	344	346.21	1.0000
GO:0031327	negative regulation of cellular biosynthetic process	220	189	192.83	1.0000
GO:0031328	positive regulation of cellular biosynthetic process	328	295	287.49	1.0000
GO:0071704	organic substance metabolic process	396	345	347.09	1.0000
GO:1901342	regulation of vasculature development	25	22	21.91	1.0000
GO:1901343	negative regulation of vasculature development	9	9	7.89	1.0000
GO:0035113	embryonic appendage morphogenesis	23	17	20.16	1.0000
GO:0051090	regulation of DNA-binding transcription factor activity	35	31	30.68	1.0000
GO:0046031	ADP metabolic process	8	7	7.01	1.0000
GO:0046034	ATP metabolic process	9	8	7.89	1.0000
GO:0031344	regulation of cell projection organization	13	9	11.39	1.0000
GO:0007162	negative regulation of cell adhesion	14	11	12.27	1.0000
GO:1903506	regulation of nucleic acid-templated transcription	395	344	346.21	1.0000
GO:1903507	negative regulation of nucleic acid-templated transcription	220	189	192.83	1.0000
GO:1903508	positive regulation of nucleic acid-templated transcription	327	295	286.61	1.0000
GO:0005975	carbohydrate metabolic process	21	20	18.41	1.0000
GO:0050789	regulation of biological process	396	345	347.09	1.0000
GO:0007154	cell communication	211	189	184.94	1.0000
GO:0031960	response to corticosteroid	11	10	9.64	1.0000
GO:0007155	cell adhesion	45	37	39.44	1.0000
GO:0033500	carbohydrate homeostasis	27	26	23.67	1.0000
GO:0045765	regulation of angiogenesis	25	22	21.91	1.0000
GO:0007159	leukocyte cell-cell adhesion	26	20	22.79	1.0000
GO:0046683	response to organophosphorus	9	8	7.89	1.0000
GO:0006793	phosphorus metabolic process	46	42	40.32	1.0000
GO:0042886	amide transport	21	19	18.41	1.0000
GO:1901987	regulation of cell cycle phase transition	18	16	15.78	1.0000
GO:0042330	taxis	20	17	17.53	1.0000
GO:0070647	protein modification by small protein conjugation or removal	13	12	11.39	1.0000
GO:0019438	aromatic compound biosynthetic process	395	344	346.21	1.0000
GO:0007178	transmembrane receptor protein serine/threonine kinase signaling pathway	28	25	24.54	1.0000
GO:0014074	response to purine-containing compound	9	8	7.89	1.0000
GO:0046622	positive regulation of organ growth	8	6	7.01	1.0000
GO:0035107	appendage morphogenesis	27	21	23.67	1.0000
GO:0044085	cellular component biogenesis	46	42	40.32	1.0000
GO:0071322	cellular response to carbohydrate stimulus	14	13	12.27	1.0000
GO:0071326	cellular response to monosaccharide stimulus	14	13	12.27	1.0000
GO:0043207	response to external biotic stimulus	49	44	42.95	1.0000
GO:0060479	lung cell differentiation	9	8	7.89	1.0000
GO:0060420	regulation of heart growth	13	11	11.39	1.0000
GO:1904951	positive regulation of establishment of protein localization	11	10	9.64	1.0000
GO:0006753	nucleoside phosphate metabolic process	9	8	7.89	1.0000
GO:0042303	molting cycle	11	10	9.64	1.0000
GO:1903037	regulation of leukocyte cell-cell adhesion	26	20	22.79	1.0000
GO:0046649	lymphocyte activation	55	46	48.21	1.0000
GO:0006757	ATP generation from ADP	8	7	7.01	1.0000
GO:0060428	lung epithelium development	9	8	7.89	1.0000
GO:0060429	epithelium development	114	96	99.92	1.0000
GO:0051169	nuclear transport	9	9	7.89	1.0000
GO:0046631	alpha-beta T cell activation	21	17	18.41	1.0000
GO:0046635	positive regulation of alpha-beta T cell activation	8	7	7.01	1.0000
GO:0035295	tube development	111	95	97.29	1.0000
GO:0060419	heart growth	17	14	14.9	1.0000
GO:0071331	cellular response to hexose stimulus	14	13	12.27	1.0000
GO:0009259	ribonucleotide metabolic process	9	8	7.89	1.0000
GO:0051046	regulation of secretion	27	24	23.67	1.0000
GO:0051049	regulation of transport	43	39	37.69	1.0000
GO:0051171	regulation of nitrogen compound metabolic process	395	344	346.21	1.0000
GO:0090276	regulation of peptide hormone secretion	17	15	14.9	1.0000
GO:0051172	negative regulation of nitrogen compound metabolic process	225	194	197.21	1.0000
GO:0006725	cellular aromatic compound metabolic process	395	344	346.21	1.0000
GO:0051173	positive regulation of nitrogen compound metabolic process	329	295	288.36	1.0000
GO:0051174	regulation of phosphorus metabolic process	33	30	28.92	1.0000
GO:0051179	localization	121	103	106.05	1.0000
GO:0019080	viral gene expression	9	7	7.89	1.0000
GO:0033002	muscle cell proliferation	25	22	21.91	1.0000
GO:0022610	biological adhesion	45	37	39.44	1.0000
GO:0071840	cellular component organization or biogenesis	131	116	114.82	1.0000
GO:0048729	tissue morphogenesis	71	58	62.23	1.0000
GO:0060512	prostate gland morphogenesis	10	10	8.76	1.0000
GO:0002684	positive regulation of immune system process	35	29	30.68	1.0000
GO:0010876	lipid localization	11	10	9.64	1.0000
GO:0032774	RNA biosynthetic process	395	344	346.21	1.0000
GO:0051146	striated muscle cell differentiation	25	20	21.91	1.0000
GO:1990823	response to leukemia inhibitory factor	9	9	7.89	1.0000
GO:0010952	positive regulation of peptidase activity	8	8	7.01	1.0000
GO:0019693	ribose phosphate metabolic process	9	8	7.89	1.0000
GO:1901565	organonitrogen compound catabolic process	13	13	11.39	1.0000
GO:0035270	endocrine system development	43	34	37.69	1.0000
GO:0051674	localization of cell	57	49	49.96	1.0000
GO:0048731	system development	289	254	253.3	1.0000
GO:0010817	regulation of hormone levels	36	32	31.55	1.0000
GO:0048736	appendage development	30	24	26.29	1.0000
GO:0018393	internal peptidyl-lysine acetylation	13	10	11.39	1.0000
GO:0018394	peptidyl-lysine acetylation	15	12	13.15	1.0000
GO:0000075	cell cycle checkpoint signaling	8	7	7.01	1.0000
GO:1990845	adaptive thermogenesis	16	16	14.02	1.0000
GO:0050863	regulation of T cell activation	23	17	20.16	1.0000
GO:0050865	regulation of cell activation	36	29	31.55	1.0000
GO:0050866	negative regulation of cell activation	12	11	10.52	1.0000
GO:0140546	defense response to symbiont	10	10	8.76	1.0000
GO:2000514	regulation of CD4-positive, alpha-beta T cell activation	10	7	8.76	1.0000
GO:1901576	organic substance biosynthetic process	395	344	346.21	1.0000
GO:0051101	regulation of DNA binding	25	20	21.91	1.0000
GO:0021700	developmental maturation	25	21	21.91	1.0000
GO:0031570	DNA integrity checkpoint signaling	8	7	7.01	1.0000
GO:0045321	leukocyte activation	61	52	53.47	1.0000
GO:0035239	tube morphogenesis	92	77	80.64	1.0000
GO:0010941	regulation of cell death	104	90	91.15	1.0000
GO:0050870	positive regulation of T cell activation	18	12	15.78	1.0000
GO:0006366	transcription by RNA polymerase II	393	343	344.46	1.0000
GO:0010948	negative regulation of cell cycle process	14	12	12.27	1.0000
GO:0002292	T cell differentiation involved in immune response	15	11	13.15	1.0000
GO:0002294	CD4-positive, alpha-beta T cell differentiation involved in immune response	14	10	12.27	1.0000
GO:0006351	transcription, DNA-templated	395	344	346.21	1.0000
GO:0006352	DNA-templated transcription, initiation	17	16	14.9	1.0000
GO:0006355	regulation of transcription, DNA-templated	395	344	346.21	1.0000
GO:0007272	ensheathment of neurons	8	7	7.01	1.0000
GO:0070201	regulation of establishment of protein localization	21	20	18.41	1.0000
GO:0050953	sensory perception of light stimulus	8	6	7.01	1.0000
GO:0009799	specification of symmetry	18	15	15.78	1.0000
GO:0001704	formation of primary germ layer	21	18	18.41	1.0000
GO:0010467	gene expression	396	345	347.09	1.0000
GO:0010468	regulation of gene expression	396	345	347.09	1.0000
GO:1902893	regulation of pri-miRNA transcription by RNA polymerase II	31	29	27.17	1.0000
GO:0060047	heart contraction	11	7	9.64	1.0000
GO:0002263	cell activation involved in immune response	22	18	19.28	1.0000
GO:0000003	reproduction	101	89	88.52	1.0000
GO:0044260	cellular macromolecule metabolic process	395	344	346.21	1.0000
GO:0002252	immune effector process	27	22	23.67	1.0000
GO:0048864	stem cell development	11	7	9.64	1.0000
GO:0044267	cellular protein metabolic process	78	68	68.37	1.0000
GO:0048869	cellular developmental process	283	249	248.05	1.0000
GO:0015833	peptide transport	21	19	18.41	1.0000
GO:0150063	visual system development	44	40	38.57	1.0000
GO:0051250	negative regulation of lymphocyte activation	9	8	7.89	1.0000
GO:0051252	regulation of RNA metabolic process	395	344	346.21	1.0000
GO:0051253	negative regulation of RNA metabolic process	220	189	192.83	1.0000
GO:0002287	alpha-beta T cell activation involved in immune response	15	11	13.15	1.0000
GO:0051254	positive regulation of RNA metabolic process	327	295	286.61	1.0000
GO:0044257	cellular protein catabolic process	8	8	7.01	1.0000
GO:0048858	cell projection morphogenesis	23	19	20.16	1.0000
GO:0043367	CD4-positive, alpha-beta T cell differentiation	17	13	14.9	1.0000
GO:0031056	regulation of histone modification	17	13	14.9	1.0000
GO:0044281	small molecule metabolic process	43	39	37.69	1.0000
GO:0010562	positive regulation of phosphorus metabolic process	22	19	19.28	1.0000
GO:0048880	sensory system development	45	40	39.44	1.0000
GO:0010563	negative regulation of phosphorus metabolic process	13	13	11.39	1.0000
GO:0006873	cellular ion homeostasis	10	9	8.76	1.0000
GO:0012501	programmed cell death	109	94	95.54	1.0000
GO:0042063	gliogenesis	29	24	25.42	1.0000
GO:2000181	negative regulation of blood vessel morphogenesis	9	9	7.89	1.0000
GO:0044271	cellular nitrogen compound biosynthetic process	395	344	346.21	1.0000
GO:0060675	ureteric bud morphogenesis	12	8	10.52	1.0000
GO:0051271	negative regulation of cellular component movement	15	13	13.15	1.0000
GO:0010556	regulation of macromolecule biosynthetic process	395	344	346.21	1.0000
GO:0045927	positive regulation of growth	16	14	14.02	1.0000
GO:0051272	positive regulation of cellular component movement	26	21	22.79	1.0000
GO:0010557	positive regulation of macromolecule biosynthetic process	327	295	286.61	1.0000
GO:0198738	cell-cell signaling by wnt	34	26	29.8	1.0000
GO:0010558	negative regulation of macromolecule biosynthetic process	220	189	192.83	1.0000
GO:0032990	cell part morphogenesis	23	19	20.16	1.0000
GO:0023051	regulation of signaling	115	97	100.8	1.0000
GO:1901698	response to nitrogen compound	58	56	50.84	1.0000
GO:0023052	signaling	204	182	178.8	1.0000
GO:0110148	biomineralization	11	11	9.64	1.0000
GO:0110149	regulation of biomineralization	9	9	7.89	1.0000
GO:0051223	regulation of protein transport	21	20	18.41	1.0000
GO:0052547	regulation of peptidase activity	13	13	11.39	1.0000
GO:0052548	regulation of endopeptidase activity	13	13	11.39	1.0000
GO:0006304	DNA modification	9	8	7.89	1.0000
GO:0006305	DNA alkylation	8	8	7.01	1.0000
GO:2000112	regulation of cellular macromolecule biosynthetic process	395	344	346.21	1.0000
GO:2000113	negative regulation of cellular macromolecule biosynthetic process	220	189	192.83	1.0000
GO:0008150	biological_process	396	345	347.09	1.0000
GO:0045935	positive regulation of nucleobase-containing compound metabolic process	328	295	287.49	1.0000
GO:0008152	metabolic process	396	345	347.09	1.0000
GO:2000116	regulation of cysteine-type endopeptidase activity	12	12	10.52	1.0000
GO:0051246	regulation of protein metabolic process	65	57	56.97	1.0000
GO:0044249	cellular biosynthetic process	395	344	346.21	1.0000
GO:0061371	determination of heart left/right asymmetry	12	9	10.52	1.0000
GO:0009746	response to hexose	21	20	18.41	1.0000
GO:0051249	regulation of lymphocyte activation	27	20	23.67	1.0000
GO:0031047	gene silencing by RNA	9	9	7.89	1.0000
GO:2000142	regulation of DNA-templated transcription, initiation	13	12	11.39	1.0000
GO:0006928	movement of cell or subcellular component	68	57	59.6	1.0000
GO:2000145	regulation of cell motility	39	34	34.18	1.0000
GO:2000146	negative regulation of cell motility	15	13	13.15	1.0000
GO:0072359	circulatory system development	103	85	90.28	1.0000
GO:0044237	cellular metabolic process	395	344	346.21	1.0000
GO:0051234	establishment of localization	73	64	63.98	1.0000
GO:0044238	primary metabolic process	395	344	346.21	1.0000
GO:0070727	cellular macromolecule localization	22	21	19.28	1.0000
GO:0061326	renal tubule development	16	12	14.02	1.0000
GO:0001823	mesonephros development	19	15	16.65	1.0000
GO:0031669	cellular response to nutrient levels	21	20	18.41	1.0000
GO:0002200	somatic diversification of immune receptors	8	6	7.01	1.0000
GO:0035710	CD4-positive, alpha-beta T cell activation	17	13	14.9	1.0000
GO:0006807	nitrogen compound metabolic process	395	344	346.21	1.0000
GO:1904018	positive regulation of vasculature development	17	14	14.9	1.0000
GO:0019220	regulation of phosphate metabolic process	33	30	28.92	1.0000
GO:0019222	regulation of metabolic process	396	345	347.09	1.0000
GO:0065007	biological regulation	396	345	347.09	1.0000
GO:0019219	regulation of nucleobase-containing compound metabolic process	395	344	346.21	1.0000
GO:0003013	circulatory system process	23	19	20.16	1.0000
GO:0071692	protein localization to extracellular region	21	20	18.41	1.0000
GO:0006464	cellular protein modification process	61	54	53.47	1.0000
GO:0003015	heart process	11	7	9.64	1.0000
GO:0002790	peptide secretion	21	19	18.41	1.0000
GO:0002791	regulation of peptide secretion	17	15	14.9	1.0000
GO:0000278	mitotic cell cycle	39	34	34.18	1.0000
GO:0036293	response to decreased oxygen levels	30	27	26.29	1.0000
GO:0036294	cellular response to decreased oxygen levels	16	14	14.02	1.0000
GO:0032943	mononuclear cell proliferation	13	8	11.39	1.0000
GO:0032944	regulation of mononuclear cell proliferation	10	7	8.76	1.0000
GO:0030323	respiratory tube development	27	25	23.67	1.0000
GO:0009890	negative regulation of biosynthetic process	220	189	192.83	1.0000
GO:0060255	regulation of macromolecule metabolic process	396	345	347.09	1.0000
GO:0009891	positive regulation of biosynthetic process	328	295	287.49	1.0000
GO:0009892	negative regulation of metabolic process	237	205	207.73	1.0000
GO:0009893	positive regulation of metabolic process	333	299	291.87	1.0000
GO:0034654	nucleobase-containing compound biosynthetic process	395	344	346.21	1.0000
GO:0006475	internal protein amino acid acetylation	13	10	11.39	1.0000
GO:0006479	protein methylation	11	9	9.64	1.0000
GO:0099537	trans-synaptic signaling	10	9	8.76	1.0000
GO:0001935	endothelial cell proliferation	12	12	10.52	1.0000
GO:0098771	inorganic ion homeostasis	11	10	9.64	1.0000
GO:0098773	skin epidermis development	11	9	9.64	1.0000
GO:0097485	neuron projection guidance	13	11	11.39	1.0000
GO:0080090	regulation of primary metabolic process	395	344	346.21	1.0000
GO:0003143	embryonic heart tube morphogenesis	13	9	11.39	1.0000
GO:0061919	process utilizing autophagic mechanism	13	12	11.39	1.0000
GO:0098727	maintenance of cell number	24	20	21.04	1.0000
GO:0003006	developmental process involved in reproduction	86	75	75.38	1.0000
GO:0003007	heart morphogenesis	31	22	27.17	1.0000
GO:0009991	response to extracellular stimulus	37	35	32.43	1.0000
GO:0040011	locomotion	67	59	58.72	1.0000
GO:0040013	negative regulation of locomotion	15	13	13.15	1.0000
GO:0034612	response to tumor necrosis factor	14	13	12.27	1.0000
GO:0040017	positive regulation of locomotion	25	21	21.91	1.0000
GO:0010033	response to organic substance	182	164	159.52	1.0000
GO:0010035	response to inorganic substance	30	28	26.29	1.0000
GO:0010662	regulation of striated muscle cell apoptotic process	8	5	7.01	1.0000
GO:0048583	regulation of response to stimulus	131	110	114.82	1.0000
GO:0034641	cellular nitrogen compound metabolic process	395	344	346.21	1.0000
GO:0034645	cellular macromolecule biosynthetic process	395	344	346.21	1.0000
GO:0009889	regulation of biosynthetic process	395	344	346.21	1.0000
GO:0044770	cell cycle phase transition	25	23	21.91	1.0000
GO:0044772	mitotic cell cycle phase transition	21	20	18.41	1.0000
GO:0010657	muscle cell apoptotic process	10	7	8.76	1.0000
GO:0010658	striated muscle cell apoptotic process	8	5	7.01	1.0000
GO:0010659	cardiac muscle cell apoptotic process	8	5	7.01	1.0000
GO:0048522	positive regulation of cellular process	344	302	301.51	1.0000
GO:0036211	protein modification process	61	54	53.47	1.0000
GO:0048523	negative regulation of cellular process	267	232	234.02	1.0000
GO:0070997	neuron death	31	27	27.17	1.0000
GO:1905314	semi-lunar valve development	11	6	9.64	1.0000
GO:0044728	DNA methylation or demethylation	9	8	7.89	1.0000
GO:0014743	regulation of muscle hypertrophy	8	8	7.01	1.0000
GO:0061458	reproductive system development	66	58	57.85	1.0000
GO:0106106	cold-induced thermogenesis	16	16	14.02	1.0000
GO:0051716	cellular response to stimulus	236	208	206.85	1.0000
GO:0048518	positive regulation of biological process	348	306	305.02	1.0000
GO:0048519	negative regulation of biological process	276	240	241.91	1.0000
GO:0070887	cellular response to chemical stimulus	174	154	152.51	1.0000
GO:0016310	phosphorylation	37	34	32.43	1.0000
GO:0043412	macromolecule modification	65	58	56.97	1.0000
GO:0090304	nucleic acid metabolic process	395	344	346.21	1.0000
GO:0009987	cellular process	395	344	346.21	1.0000
GO:0043414	macromolecule methylation	16	14	14.02	1.0000
GO:0040007	growth	62	55	54.34	1.0000
GO:0072593	reactive oxygen species metabolic process	11	11	9.64	1.0000
GO:0009306	protein secretion	21	20	18.41	1.0000
GO:1903707	negative regulation of hemopoiesis	13	11	11.39	1.0000
GO:0043583	ear development	28	23	24.54	1.0000
GO:1903708	positive regulation of hemopoiesis	22	17	19.28	1.0000
GO:0099177	regulation of trans-synaptic signaling	8	7	7.01	1.0000
GO:1901214	regulation of neuron death	28	24	24.54	1.0000
GO:0010646	regulation of cell communication	115	97	100.8	1.0000
GO:0046883	regulation of hormone secretion	21	18	18.41	1.0000
GO:0043436	oxoacid metabolic process	23	22	20.16	1.0000
GO:0014706	striated muscle tissue development	49	41	42.95	1.0000
GO:1902531	regulation of intracellular signal transduction	42	35	36.81	1.0000
GO:0010632	regulation of epithelial cell migration	15	14	13.15	1.0000
GO:0043523	regulation of neuron apoptotic process	18	14	15.78	1.0000
GO:0009914	hormone transport	28	24	24.54	1.0000
GO:0044703	multi-organism reproductive process	54	50	47.33	1.0000
GO:0042221	response to chemical	198	177	173.54	1.0000
GO:0044706	multi-multicellular organism process	17	17	14.9	1.0000
GO:0008213	protein alkylation	11	9	9.64	1.0000
GO:0051704	multi-organism process	54	50	47.33	1.0000
GO:0055080	cation homeostasis	11	10	9.64	1.0000
GO:0055082	cellular chemical homeostasis	26	24	22.79	1.0000
GO:0043542	endothelial cell migration	17	16	14.9	1.0000
GO:0043543	protein acylation	17	14	14.9	1.0000
GO:0034284	response to monosaccharide	21	20	18.41	1.0000
GO:0018022	peptidyl-lysine methylation	9	7	7.89	1.0000
GO:0104004	cellular response to environmental stimulus	15	13	13.15	1.0000
GO:0055086	nucleobase-containing small molecule metabolic process	9	8	7.89	1.0000
GO:0006163	purine nucleotide metabolic process	9	8	7.89	1.0000
GO:0014896	muscle hypertrophy	12	10	10.52	1.0000
GO:0006165	nucleoside diphosphate phosphorylation	8	7	7.01	1.0000
GO:0014897	striated muscle hypertrophy	12	10	10.52	1.0000
GO:0010604	positive regulation of macromolecule metabolic process	333	299	291.87	1.0000
GO:0010605	negative regulation of macromolecule metabolic process	233	202	204.22	1.0000
GO:0006694	steroid biosynthetic process	12	8	10.52	1.0000
GO:0032501	multicellular organismal process	325	286	284.86	1.0000
GO:0032502	developmental process	332	292	290.99	1.0000
GO:0032504	multicellular organism reproduction	51	48	44.7	1.0000
GO:0090596	sensory organ morphogenesis	33	28	28.92	1.0000
GO:0072521	purine-containing compound metabolic process	9	8	7.89	1.0000
GO:0048699	generation of neurons	95	79	83.27	1.0000
GO:0003279	cardiac septum development	18	10	15.78	1.0000
GO:0043062	extracellular structure organization	11	10	9.64	1.0000
GO:0080134	regulation of response to stress	62	52	54.34	1.0000
GO:0043067	regulation of programmed cell death	97	83	85.02	1.0000
GO:0043068	positive regulation of programmed cell death	36	33	31.55	1.0000
GO:0055017	cardiac muscle tissue growth	16	13	14.02	1.0000
GO:0002376	immune system process	124	111	108.68	1.0000
GO:0045137	development of primary sexual characteristics	28	24	24.54	1.0000
GO:0045620	negative regulation of lymphocyte differentiation	8	7	7.01	1.0000
GO:0045621	positive regulation of lymphocyte differentiation	17	12	14.9	1.0000
GO:0061061	muscle structure development	69	59	60.48	1.0000
GO:0071219	cellular response to molecule of bacterial origin	14	14	12.27	1.0000
GO:0045619	regulation of lymphocyte differentiation	21	16	18.41	1.0000
GO:0003231	cardiac ventricle development	20	14	17.53	1.0000
GO:0061053	somite development	12	10	10.52	1.0000
GO:0035592	establishment of protein localization to extracellular region	21	20	18.41	1.0000
GO:0006140	regulation of nucleotide metabolic process	8	7	7.01	1.0000
GO:0046939	nucleotide phosphorylation	8	7	7.01	1.0000
GO:0048659	smooth muscle cell proliferation	11	10	9.64	1.0000
GO:0070482	response to oxygen levels	33	30	28.92	1.0000
GO:0018130	heterocycle biosynthetic process	395	344	346.21	1.0000
GO:0097659	nucleic acid-templated transcription	395	344	346.21	1.0000
GO:1903844	regulation of cellular response to transforming growth factor beta stimulus	10	10	8.76	1.0000
GO:0006139	nucleobase-containing compound metabolic process	395	344	346.21	1.0000
GO:0055006	cardiac cell development	11	8	9.64	1.0000
GO:0055008	cardiac muscle tissue morphogenesis	8	6	7.01	1.0000
GO:0006629	lipid metabolic process	38	32	33.31	1.0000
GO:1902680	positive regulation of RNA biosynthetic process	327	295	286.61	1.0000
GO:0051336	regulation of hydrolase activity	17	16	14.9	1.0000
GO:0021675	nerve development	10	8	8.76	1.0000
GO:0051961	negative regulation of nervous system development	10	7	8.76	1.0000
GO:0051962	positive regulation of nervous system development	16	12	14.02	1.0000
GO:0046903	secretion	41	37	35.94	1.0000
GO:0043170	macromolecule metabolic process	396	345	347.09	1.0000
GO:0003205	cardiac chamber development	24	16	21.04	1.0000
GO:0046483	heterocycle metabolic process	395	344	346.21	1.0000
GO:1902679	negative regulation of RNA biosynthetic process	220	189	192.83	1.0000
GO:0072073	kidney epithelium development	24	20	21.04	1.0000
GO:0098916	anterograde trans-synaptic signaling	10	9	8.76	1.0000
GO:0072078	nephron tubule morphogenesis	12	8	10.52	1.0000
GO:0090092	regulation of transmembrane receptor protein serine/threonine kinase signaling pathway	17	15	14.9	1.0000
GO:0072163	mesonephric epithelium development	19	15	16.65	1.0000
GO:0072164	mesonephric tubule development	19	15	16.65	1.0000
GO:0044843	cell cycle G1/S phase transition	15	15	13.15	1.0000
GO:0072028	nephron morphogenesis	13	9	11.39	1.0000
GO:0016441	posttranscriptional gene silencing	9	9	7.89	1.0000
GO:0016444	somatic cell DNA recombination	8	6	7.01	1.0000
GO:0048634	regulation of muscle organ development	9	8	7.89	1.0000
GO:0019318	hexose metabolic process	12	11	10.52	1.0000
GO:0030072	peptide hormone secretion	21	19	18.41	1.0000
GO:1902105	regulation of leukocyte differentiation	36	30	31.55	1.0000
GO:0072171	mesonephric tubule morphogenesis	12	8	10.52	1.0000
GO:0030163	protein catabolic process	13	13	11.39	1.0000
GO:0042770	signal transduction in response to DNA damage	17	14	14.9	1.0000
